ip,anonymityLevel,asn,country,isp,latency,org,port,protocols,responseTime,speed,updated_at,upTime,upTimeSuccessCount,upTimeTryCount
"117.102.115.156","elite","AS17451","ID","BIZNET","185","N/A","4153","socks4","44","1","2023-05-11T04:30:14.572Z","99","1609","1627"
"79.154.189.19","elite","AS3352","ES","RIMA (Red IP Multi Acceso)","98","N/A","8080","socks5","1403","1","2023-05-11T04:30:11.467Z","100","1549","1550"
"46.159.91.244","elite","AS12389","RU","PAO Rostelecom","98","OJSC Rostelecom Macroregional Branch South","1080","socks5","1782","1","2023-05-11T04:30:11.164Z","34","529","1556"
"103.4.179.186","elite","AS4766","KR","Korea Telecom","285","Netip","4153","socks4","1310","1","2023-05-11T04:30:11.468Z","100","1587","1592"
"201.159.103.97","elite","AS28539","MX","Creatividad Internet Enlaces, S.A. de C.V.","164","Creatividad Internet Enlaces, S.A. de C.V","31337","socks4","396","1","2023-05-11T04:30:11.968Z","96","1557","1618"
"80.80.152.123","elite","AS12829","BG","Angel Soft OOD","100","N/A","5678","socks4","511","1","2023-05-11T04:30:11.967Z","100","1623","1628"
"43.249.68.245","elite","AS38794","TH","United Information Highway Co., Ltd.","181","BB BROADBAND CO., LTD.","1080","socks4","1698","1","2023-05-11T04:30:11.165Z","45","738","1628"
"173.177.85.227","elite","AS5769","CA","Videotron Telecom Ltee","94","Videotron Ltee","80","socks5","907","1","2023-05-11T04:30:11.868Z","100","1531","1532"
"190.145.182.3","elite","AS14080","CO","Telmex Colombia S.A.","194","Telmex Colombia S.A.","4153","socks4","1112","1","2023-05-11T04:30:11.769Z","100","1622","1625"
"178.154.228.16","elite","AS200350","RU","Yandex Cloud","100","N/A","9050","socks5","1992","1","2023-05-11T04:30:10.757Z","100","1628","1629"
"95.0.37.74","elite","AS9121","TR","Turk Telekomunikasyon Anonim Sirketi","67","Tc Avrasya Universitesi","4145","socks4","2300","1","2023-05-11T04:30:10.267Z","99","1610","1629"
"124.163.236.54","elite","AS4837","CN","CNC Group CHINA169 Shan1xi Province Network","296","N/A","7302","socks5","591","1","2023-05-11T04:30:10.463Z","96","1483","1545"
"43.153.27.113","elite","AS132203","US","Shenzhen Tencent Computer Systems Company Limited","190","Tencent Cloud Computing","443","socks4","199","1","2023-05-11T04:30:10.123Z","53","844","1598"
"138.68.132.158","elite","AS14061","GB","DigitalOcean, LLC","15","DigitalOcean, LLC","8118","socks5","2087","1","2023-05-11T04:30:10.756Z","100","1507","1507"
"172.64.130.68","elite","AS13335","US","Cloudflare, Inc.","2","Cloudflare, Inc.","80","socks4","895","2","2023-05-11T04:30:09.954Z","100","1609","1610"
"197.234.13.91","elite","AS36902","SC","Intelvision","172","Intelvision Ltd","4145","socks4","3901","1","2023-05-11T04:30:09.157Z","99","1518","1527"
"181.209.106.186","elite","AS52361","AR","ARSAT - Empresa Argentina de Soluciones Satelitales S.A","235","AYD.com S.R.L","1080","socks4","1491","1","2023-05-11T04:30:09.956Z","99","1617","1629"
"185.126.40.232","elite","AS49100","IR","User","139","Pishgaman Toseeh Ertebatat Company (Private Joint Stock)","4153","socks4","3701","1","2023-05-11T04:30:09.158Z","92","1503","1629"
"185.169.181.28","elite","AS34984","TR","Ates Dc","55","Ibrahim MALA trading as Ates Dc","4145","socks4","2906","1","2023-05-11T04:30:09.763Z","100","1624","1624"
"94.181.33.149","elite","AS41661","RU","CJSC \"ER-Telecom Holding\" Chelyabinsk branch","75","JSC \"ER-Telecom Holding\" Chelyabinsk Branch","40840","socks4","1299","1","2023-05-11T04:30:09.871Z","100","1627","1628"
"110.77.184.196","elite","AS131090","TH","CAT-BB","197","N/A","5678","socks4","2509","1","2023-05-11T04:30:09.765Z","82","1316","1611"
"45.196.148.8","elite","AS7018","US","AT&T Services","87","AQUA Networks Limited","5432","socks4","2101","1","2023-05-11T04:30:09.553Z","98","1521","1551"
"202.21.102.68","elite","AS9484","MN","Mobinet LLC","216","N/A","5678","socks4","2796","1","2023-05-11T04:30:09.764Z","98","1591","1629"
"50.116.8.96","elite","AS63949","US","Akamai Technologies, Inc.","148","Linode","17477","socks5","2204","1","2023-05-11T04:30:08.761Z","100","1509","1511"
"140.250.92.253","elite","AS4134","CN","Chinanet","292","Chinanet SD","1080","socks4","2115","1","2023-05-11T04:30:08.762Z","93","1492","1609"
"95.217.52.14","elite","AS24940","FI","Hetzner Online GmbH","82","HETZNER-DC","55445","socks5","2893","1","2023-05-11T04:30:08.361Z","100","1551","1552"
"106.14.222.35","elite","AS37963","CN","Alibaba (US) Technology Co","187","Aliyun Computing Co., LTD","57568","socks5","4214","1","2023-05-11T04:30:08.669Z","99","1606","1627"
"101.43.156.158","elite","AS45090","CN","Shenzhen Tencent Computer Systems Company Limited","197","Tencent Cloud Computing (Beijing) Co., Ltd","2080","socks4","3792","1","2023-05-11T04:30:07.859Z","90","1440","1592"
"51.89.116.108","elite","AS16276","GB","OVH SAS","12","OVH GmbH","60701","socks4","3998","1","2023-05-11T04:30:07.857Z","100","1555","1555"
"140.250.144.18","elite","AS4134","CN","Chinanet","300","Chinanet SD","1080","socks4","3403","1","2023-05-11T04:30:07.862Z","93","1408","1521"
"138.201.248.43","elite","AS24940","DE","Hetzner Online GmbH","22","Hetzner","31043","socks5","4604","83","2023-05-11T04:30:07.754Z","93","1461","1573"
"89.144.37.222","elite","AS197549","DE","GHOSTnet GmbH","11","cloud-interactive.de","13800","socks5","3809","1","2023-05-11T04:30:07.858Z","97","1465","1507"
"103.245.205.33","elite","AS9441","BD","Next Online Limited","196","Nextonline Limited","35158","socks4","3801","1","2023-05-11T04:30:07.859Z","97","1580","1626"
"103.208.200.222","elite","AS133275","IN","Gigantic","185","N/A","4670","socks4","4615","1","2023-05-11T04:30:06.362Z","99","1568","1587"
"27.147.221.140","elite","AS23688","BD","Link3 Technologies Limited","198","Retail Subscriber","5678","socks4","3795","1","2023-05-11T04:30:06.263Z","70","1086","1556"
"139.255.26.115","anonymous","AS9905","ID","PT. LINKNET","181","N/A","8080","http","3200","1504","2023-05-11T04:30:06.266Z","96","1553","1623"
"103.134.180.97","elite","AS135758","IN","Rds It Solutions","163","Rds It Solutions","4153","socks4","3718","1","2023-05-11T04:30:06.264Z","98","1567","1593"
"110.78.151.213","elite","AS131090","TH","CAT-BB","201","N/A","4145","socks4","3815","1","2023-05-11T04:30:06.263Z","57","866","1509"
"43.240.113.88","elite","AS38794","TH","United Information Highway Co., Ltd.","176","United Information Highway Co., Ltd","45149","socks5","4115","79","2023-05-11T04:30:06.968Z","97","1514","1555"
"46.227.37.17","elite","AS51155","PL","Telemedian - TB Telecom","39","Telemedian","1088","socks4","3390","1","2023-05-11T04:30:05.659Z","99","1611","1623"
"89.43.5.134","elite","AS50810","IR","Mobin Net Communication Company (Private Joint Stock)","123","Mobin Net Communication Company","3629","socks4","3306","1","2023-05-11T04:30:05.660Z","90","1468","1629"
"185.171.54.36","elite","AS44285","IR","Shahrad","101","N/A","4153","socks4","3209","1","2023-05-11T04:30:05.661Z","98","1544","1577"
"103.47.92.33","elite","AS134058","IN","Broban Internet Services Pvt.ltd","196","Broban  PVT Ltd.","1080","socks4","2807","1","2023-05-11T04:30:03.661Z","99","1502","1518"
"37.230.154.57","elite","AS198770","RU","Virtual Infrastructures Network","47","N/A","3629","socks4","2889","1","2023-05-11T04:30:03.664Z","100","1591","1594"
"62.103.186.66","elite","AS6799","GR","OTEnet","100","OTEnet S.A.","4153","socks4","2705","1","2023-05-11T04:30:03.666Z","99","1532","1553"
"203.76.121.237","elite","AS23688","BD","Link3 Technologies Limited","184","Corporate Subscriber","4145","socks4","2799","1","2023-05-11T04:30:03.666Z","95","1547","1623"
"174.138.176.74","elite","AS19318","US","Interserver, Inc","94","Interserver, Inc","17258","socks5","2897","1","2023-05-11T04:30:03.663Z","100","1620","1628"
"177.36.185.182","elite","AS53062","BR","Ggnet Telecom Backbone","221","Ggnet Telecom Backbone","5678","socks4","2906","1","2023-05-11T04:30:03.663Z","98","1603","1629"
"78.47.227.89","elite","AS24940","DE","Hetzner Online GmbH","15","Hetzner","8118","http","4206","1688","2023-05-11T04:30:02.454Z","100","1541","1541"
"109.75.47.204","elite","AS44395","AM","Ucom Cjsc","87","N/A","4153","socks4","2999","1","2023-05-11T04:30:02.474Z","82","1279","1567"
"5.226.125.10","elite","AS12741","PL","NETIA","32","Patrol Group","10801","socks4","3202","1","2023-05-11T04:30:02.454Z","100","1622","1627"
"103.120.202.53","elite","AS63526","BD","Carnival Internet","234","N/A","5678","socks4","3091","1","2023-05-11T04:30:02.456Z","92","1440","1572"
"213.6.210.50","elite","AS12975","PS","Palestine Telecommunications Company","92","Palestine Telecommunications Company","4153","socks4","2909","1","2023-05-11T04:30:02.456Z","99","1606","1630"
"8.42.68.121","elite","AS399869","US","Mountain Broadband","120","Level 3, LLC","39593","socks4","3302","1","2023-05-11T04:30:02.453Z","100","1623","1629"
"190.104.254.230","elite","AS11014","AR","CPS","228","GABRIEL FRANCISCO ERBETTA Y MARIANO ANDRES CARRIZO RICHELET SOCIEDAD DE HECHO (TELNET SOLUCIONES)","4153","socks4","3399","1","2023-05-11T04:30:02.370Z","100","1505","1512"
"45.249.48.201","elite","AS45582","IN","E Net Entertainment Pvt Ltd","185","E Net Entertainment Pvt Ltd","4153","socks4","2900","1","2023-05-11T04:30:02.456Z","100","1621","1628"
"197.253.30.1","elite","AS37282","NG","Mainone Cable Company","133","N/A","10081","socks4","3180","1","2023-05-11T04:30:02.455Z","99","1535","1549"
"103.251.221.101","elite","AS58972","IN","BHOMIKA","170","Bhomika","4145","socks4","3001","1","2023-05-11T04:30:02.456Z","100","1606","1614"
"176.103.51.24","elite","AS48031","UA","Ivanov Vitaliy Sergeevich","102","XServer","30421","socks5","3102","1","2023-05-11T04:30:02.455Z","71","1156","1628"
"177.37.165.62","elite","AS28126","BR","Brisanet Servicos De Telecomunicacoes Ltda","184","Brisanet Servicos De Telecomunicacoes Ltda","4153","socks4","4006","1","2023-05-11T04:30:01.161Z","99","1597","1608"
"185.169.181.22","elite","AS34984","TR","Ates Dc","54","Ibrahim MALA trading as Ates Dc","4145","socks4","3710","1","2023-05-11T04:30:01.162Z","100","1627","1628"
"165.225.8.100","elite","AS22616","US","ZSCALER, INC.","79","Zscaler, Inc","10605","socks4","3291","1","2023-05-11T04:30:01.268Z","98","1596","1626"
"95.86.206.65","elite","AS13118","RU","Yaroslavsky Branch","59","OJSC Rostelecom","8080","socks4","3898","1","2023-05-11T04:30:01.162Z","60","981","1629"
"170.246.85.106","elite","AS265657","EC","Servicable Cia. Ltda.","180","Servicable Cia. Ltda","37163","socks4","3601","84","2023-05-11T04:30:01.163Z","100","1549","1553"
"43.246.143.250","elite","AS134294","IN","R P World Telecom Pvt Ltd","177","R P World Telecom Pvt Ltd","9999","socks4","3613","2","2023-05-11T04:30:00.463Z","98","1592","1626"
"103.66.232.169","elite","AS134014","IN","NET 4 U SERVICES","126","N/A","4145","socks4","4406","1","2023-05-11T04:30:00.268Z","100","1573","1577"
"103.112.253.173","elite","AS137139","IN","Cybernet Introtech Private Limited","169","Cybernet Introtech Private Limited","5678","socks4","3108","1","2023-05-11T04:30:00.465Z","71","1092","1532"
"50.237.98.130","elite","AS7922","US","Comcast Cable Communications, LLC","93","Comcast Cable Communications, LLC","1080","socks4","4298","1","2023-05-11T04:30:00.269Z","97","1575","1616"
"104.27.83.183","elite","AS13335","CA","Cloudflare, Inc.","2","Cloudflare, Inc.","80","socks4","3804","1","2023-05-11T04:30:00.463Z","100","1511","1511"
"104.194.225.108","elite","AS35916","US","Multacom Corporation","147","Multacom Corporation","41354","socks4","3995","1","2023-05-11T04:29:59.557Z","100","1580","1581"
"70.82.75.118","elite","AS5769","CA","Le Groupe Videotron Ltee","102","Videotron Ltee","4153","socks4","4397","8","2023-05-11T04:29:59.469Z","100","1618","1625"
"36.90.63.55","elite","AS7713","ID","PT. Telekomunikasi Indonesia","195","Telekomunikasi Indonesia","4145","socks4","3597","1","2023-05-11T04:29:59.558Z","86","1343","1566"
"84.2.233.239","elite","AS5483","HU","Magyar Telekom","42","Hajdunanasi Ruhaipari Ker.es Szolg. Kft","4153","socks4","4203","1","2023-05-11T04:29:58.655Z","97","1585","1628"
"177.38.5.59","elite","AS52964","BR","F?BIO MENDES DIAS LTDA ME","297","FÁBIO MENDES DIAS LTDA ME","4153","socks4","4196","1","2023-05-11T04:29:58.763Z","90","1387","1541"
"110.78.149.12","elite","AS131090","TH","CAT-BB","200","N/A","4145","socks4","4295","1","2023-05-11T04:29:58.654Z","81","1311","1612"
"49.156.33.154","elite","AS24492","KH","WiCAM Corporation Ltd","282","WiCAM Corporation Ltd.","5678","socks4","4110","1","2023-05-11T04:29:58.655Z","97","1471","1512"
"114.99.7.106","elite","AS4134","CN","Chinanet","193","Chinanet AH","8004","socks5","4308","2","2023-05-11T04:29:58.762Z","63","1004","1591"
"14.102.43.58","elite","AS18002","IN","World Phone Internet Services Pvt Ltd","225","N/A","9999","socks4","4703","1","2023-05-11T04:29:57.768Z","99","1611","1629"
"100.2.103.26","elite","AS701","US","Verizon Business","99","Verizon Online LLC","8080","socks4","4600","1","2023-05-11T04:29:57.769Z","100","1559","1564"
"114.233.50.121","elite","AS4134","CN","Chinanet","286","Chinanet JS","1080","socks4","4000","83","2023-05-11T04:29:57.957Z","34","546","1588"
"93.91.118.141","elite","AS47562","RU","Fast Link Ltd.","86","N/A","3629","socks4","4692","1","2023-05-11T04:29:57.768Z","99","1604","1625"
"178.253.208.146","elite","AS9125","RS","Orion Telekom users in Kraljevo","98","N/A","1080","socks4","3994","1","2023-05-11T04:29:57.958Z","100","1532","1539"
"146.59.243.35","elite","AS16276","FR","OVH SAS","7","OVH","27445","socks4","4100","2","2023-05-11T04:29:57.956Z","100","1531","1531"
"188.255.244.83","elite","AS52116","RS","Orion Telekom ISP IP Network in Subotica","83","Orion Telekom Tim d.o.o.Beograd","1080","socks4","4502","1","2023-05-11T04:29:57.769Z","100","1603","1603"
"186.46.166.50","elite","AS28006","EC","Corporacion Nacional De Telecomunicaciones - CNT EP","186","Corporacion Nacional De Telecomunicaciones - CNT EP","5678","socks4","4298","1","2023-05-11T04:29:56.564Z","92","1459","1585"
"41.139.147.86","elite","AS37061","KE","Safaricom Limited","177","Converged services Nairobi","5678","socks4","4405","1","2023-05-11T04:29:56.453Z","90","1462","1628"
"181.48.63.206","elite","AS14080","CO","Telmex Colombia S.A.","194","Telmex Colombia S.A.","4153","socks4","4399","1","2023-05-11T04:29:56.563Z","93","1515","1629"
"207.178.166.187","elite","AS5033","US","Key Information Systems","148","Educational Message Services","80","socks4","4395","1","2023-05-11T04:29:56.453Z","99","1592","1601"
"5.135.178.11","elite","AS16276","FR","OVH SAS","5","OVH","11624","socks5","4410","1","2023-05-11T04:29:56.563Z","100","1628","1628"
"114.105.221.202","elite","AS4134","CN","Chinanet","286","Chinanet AH","38801","socks4","4591","1","2023-05-11T04:29:56.562Z","24","372","1550"
"183.89.114.69","elite","AS45629","TH","Triple T Broadband Public Company Limited","196","Triple T Broadband Public Company Limited","8080","socks4","4304","1","2023-05-11T04:29:56.454Z","91","1370","1508"
"36.92.177.9","elite","AS7713","ID","Telekomunikasi Indonesia","178","Temporary","1081","socks4","4597","1","2023-05-11T04:29:56.369Z","95","1546","1627"
"135.181.78.38","elite","AS24940","FI","Hetzner Online GmbH","40","Hetzner","60063","socks5","4307","1","2023-05-11T04:29:56.564Z","100","1534","1534"
"77.238.79.111","elite","AS39135","BG","FIBER1","34","N/A","5678","socks4","4503","1","2023-05-11T04:29:56.370Z","84","1311","1555"
"185.171.54.34","elite","AS44285","IR","Shahrad","113","N/A","4153","socks4","4605","1","2023-05-11T04:29:55.372Z","99","1606","1628"
"178.254.157.214","elite","AS9125","RS","Orion Telekom ISP IP network","90","N/A","1080","socks4","4707","1","2023-05-11T04:29:55.371Z","100","1628","1628"
"186.211.166.1","elite","AS14840","BR","BR Digital","245","WBO LTDA","4153","socks4","4678","1","2023-05-11T04:29:55.561Z","99","1531","1546"
"186.97.144.98","elite","AS27831","CO","Colombia Móvil","193","Colombia Móvil","5678","socks4","4902","83","2023-05-11T04:29:55.370Z","100","1553","1560"
"120.50.13.38","elite","AS38712","BD","TelNET Communication Ltd","192","Telnet","40308","socks4","4892","1","2023-05-11T04:29:55.371Z","90","1473","1628"
"172.105.156.59","elite","AS63949","US","Akamai Technologies, Inc.","180","Linode","57144","socks4","4802","1","2023-05-11T04:29:54.059Z","100","1510","1510"
"51.89.117.242","elite","AS16276","GB","OVH SAS","11","OVH GmbH","45436","socks5","4697","79","2023-05-11T04:29:54.060Z","100","1511","1512"
"27.72.73.143","elite","AS7552","VN","Newass2011xDSLHN","291","N/A","4153","socks4","4790","1","2023-05-11T04:29:53.864Z","99","1613","1629"
"103.82.11.209","elite","AS136156","BD","FNF Online","199","N/A","4153","socks4","4693","1","2023-05-11T04:29:53.864Z","99","1586","1597"
"173.236.188.26","elite","AS26347","US","New Dream Network, LLC","83","New Dream Network, LLC","54262","socks5","4506","1","2023-05-11T04:29:52.666Z","100","1539","1540"
"203.30.190.30","elite","AS209242","US","Cloudflare London","2","Umpire Associates LTD","80","socks4","4606","1","2023-05-11T04:29:52.665Z","100","1540","1540"
"64.119.30.126","elite","AS17882","MN","MCS Com Co Ltd","291","Univision LLC","5678","socks4","4702","1","2023-05-11T04:29:52.862Z","100","1620","1627"
"89.161.89.20","elite","AS39375","PL","Telekomunikacja Podlasie sp. z o.o.","35","TPODLASIE CATV Network","5678","socks4","4594","1","2023-05-11T04:29:52.666Z","99","1606","1629"
"200.34.215.1","elite","AS263722","AR","Jose Cartellone Construcciones Civiles S.A.","298","Jose Cartellone Construcciones Civiles S.A","4153","socks4","4312","1","2023-05-11T04:29:52.667Z","100","1591","1593"
"111.61.73.175","elite","AS24547","CN","China Mobile communications corporation","269","China Mobile","7302","socks5","4413","1","2023-05-11T04:29:51.654Z","83","1358","1629"
"83.168.84.137","elite","AS31304","PL","ESPOL-FH","94","N/A","4153","socks5","4309","89","2023-05-11T04:29:51.462Z","99","1610","1630"
"180.178.104.106","elite","AS38758","ID","PT Hipernet Indodata","176","N/A","5678","socks4","4587","1","2023-05-11T04:29:51.461Z","99","1558","1571"
"103.47.93.217","elite","AS134058","IN","Broban Internet Services Pvt.ltd","193","Broban  PVT Ltd.","1080","socks4","4411","1","2023-05-11T04:29:51.462Z","99","1584","1596"
"203.76.103.62","elite","AS23688","BD","Link3 Technologies Limited","283","Corporate Subscriber","4145","socks4","4503","1","2023-05-11T04:29:51.461Z","95","1538","1625"
"103.192.76.36","elite","AS55915","NP","Classic Tech Pvt. Ltd.","174","Classic Support Pvt. Ltd","5678","socks4","4404","1","2023-05-11T04:29:51.654Z","88","1425","1623"
"46.21.77.122","elite","AS34518","RU","fatum","65","N/A","4153","socks4","4604","1","2023-05-11T04:29:51.460Z","99","1608","1629"
"51.81.85.93","elite","AS16276","US","OVH SAS","80","OVH US LLC","44909","socks4","4701","1","2023-05-11T04:29:51.653Z","100","1507","1509"
"27.157.230.59","elite","AS4134","CN","Chinanet","282","Chinanet FJ","9128","socks4","4402","1","2023-05-11T04:29:50.160Z","59","912","1555"
"103.47.93.242","elite","AS134058","IN","Broban Internet Services Pvt.ltd","200","Broban  PVT Ltd.","1080","socks4","4203","1","2023-05-11T04:29:50.055Z","99","1582","1597"
"203.22.223.12","elite","AS209242","CY","Cloudflare London, LLC","2","Lachtaristo Holdings Limited","80","socks4","4401","1","2023-05-11T04:29:50.054Z","100","1507","1507"
"103.79.96.154","elite","AS64308","ID","PT IndoDev Niaga Internet","193","PT IndoDev Niaga Internet","4153","socks4","4495","1","2023-05-11T04:29:50.053Z","100","1607","1611"
"203.98.76.64","elite","AS17882","MN","MCS Com Co Ltd","211","Univision LLC","5678","socks4","4300","1","2023-05-11T04:29:50.055Z","96","1546","1615"
"103.243.114.206","anonymous","AS132770","IN","Gazon Communications India Limited","200","TejRaj Y Max Services Pvt Ltd","8080","http","4800","2608","2023-05-11T04:29:50.056Z","98","1481","1510"
"185.123.235.92","elite","AS49924","IT","ECROM-MAIN","292","N/A","5678","socks4","4391","1","2023-05-11T04:29:48.562Z","89","1373","1546"
"202.29.214.22","elite","AS4621","TH","Office of Info.Tech. Admin. for Educational Development","282","Office of Info.Tech. Admin. Educational Development","4153","socks4","4206","1","2023-05-11T04:29:48.368Z","97","1580","1628"
"186.224.225.30","elite","AS53171","BR","Path Telecom S.A.","212","Path Telecom S.A","42648","socks4","4407","1","2023-05-11T04:29:48.368Z","99","1617","1627"
"83.142.166.45","anonymous","AS8369","RU","Intersvyaz-2 JSC","65","Intersvyaz-2 JSC","8080","http","4694","2608","2023-05-11T04:29:48.563Z","100","1505","1512"
"188.114.99.37","elite","AS13335","NL","Cloudflare, Inc.","2","CloudFlare, Inc.","80","socks4","4498","1","2023-05-11T04:29:48.367Z","100","1545","1546"
"80.26.56.66","elite","AS3352","ES","TDENET (Red de servicios IP)","38","N/A","4153","socks4","4598","1","2023-05-11T04:29:48.366Z","100","1626","1628"
"202.153.233.228","anonymous","AS9340","ID","PT IndoInternet","292","N/A","8080","http","4795","2907","2023-05-11T04:29:48.454Z","100","1512","1512"
"212.83.137.94","elite","AS12876","FR","Online S.A.S.","1","ONLINE","12431","socks4","4588","1","2023-05-11T04:29:48.367Z","100","1548","1548"
"103.102.141.39","elite","AS136854","ID","PT. PALAPA RING BARAT","183","N/A","4145","socks4","4696","1","2023-05-11T04:29:48.366Z","99","1611","1629"
"88.146.185.3","anonymous","AS16019","CZ","UPC Czech","22","TaNET West s.r.o.","3128","http","4889","2609","2023-05-11T04:29:48.562Z","100","1512","1513"
"84.244.69.29","elite","AS25248","CZ","BlueTone-CRa","28","DATRON, a.s.","443","socks4","4707","1","2023-05-11T04:29:47.064Z","100","1589","1594"
"185.220.226.199","elite","N/A","TR","Noyan Abr Arvan Co. ( Private Joint Stock)","79","Noyan Abr Arvan Co. ( Private Joint Stock)","808","socks4","4489","1","2023-05-11T04:29:47.067Z","70","1059","1520"
"110.78.148.198","elite","AS131090","TH","CAT-BB","216","N/A","4145","socks4","4603","1","2023-05-11T04:29:47.065Z","74","1142","1540"
"202.141.233.166","elite","AS9260","PK","Multinet Broadband","691","Multinet Broadband","4673","socks4","4298","1","2023-05-11T04:29:47.260Z","72","1150","1590"
"164.92.205.28","elite","AS14061","DE","DigitalOcean, LLC","92","DigitalOcean, LLC","9050","socks5","4497","1","2023-05-11T04:29:47.066Z","99","1617","1629"
"103.70.204.65","elite","AS135712","IN","Euron Communications Pvt. Ltd","292","Euron Communications Pvt. Ltd.","59311","socks4","4500","1","2023-05-11T04:29:47.066Z","99","1586","1598"
"78.46.45.16","elite","AS24940","DE","Hetzner Online GmbH","95","Hetzner","30509","socks4","4397","1","2023-05-11T04:29:47.259Z","100","1603","1604"
"84.38.189.241","elite","AS49505","RU","OOO \"Network of data-centers \"Selectel\"","98","N/A","30073","socks4","4510","1","2023-05-11T04:29:46.071Z","91","1437","1574"
"85.25.103.138","elite","AS8972","FR","Host Europe GmbH","13","Host Europe GmbH","1080","socks4","4508","1","2023-05-11T04:29:45.963Z","100","1621","1624"
"66.97.37.164","elite","AS27823","AR","Dattatec.com","279","Dattatec Corp","80","socks4","4805","1","2023-05-11T04:29:45.962Z","100","1626","1628"
"200.29.237.107","elite","AS27941","CO","Consulnetwork Ltda","212","MONTAÑO SAA LUIS CARLOS","5678","socks4","4999","1","2023-05-11T04:29:44.462Z","90","1438","1602"
"178.32.116.232","elite","AS16276","FR","OVH SAS","5","OVH ISP","57123","socks5","4903","1","2023-05-11T04:29:44.761Z","100","1577","1577"
"120.77.171.171","elite","AS37963","CN","Hangzhou Alibaba Advertising Co","295","Aliyun Computing Co., LTD","22","socks4","4812","1","2023-05-11T04:29:44.462Z","81","1236","1518"
"94.43.64.47","elite","AS35805","GE","JSC \"Silknet\"","79","Silknet - 4","5678","socks4","4701","1","2023-05-11T04:29:44.762Z","100","1620","1623"
"117.54.236.1","elite","AS9340","ID","PT IndoInternet","296","N/A","443","socks4","4605","1","2023-05-11T04:29:44.762Z","100","1588","1591"
"182.160.124.106","elite","AS24323","BD","Aamra Networks Limited","197","N/A","5678","socks4","4997","1","2023-05-11T04:29:44.760Z","94","1460","1552"
"103.5.127.132","elite","AS58424","KH","Xinwei (Cambodia) Telecom Co. Ltd","396","Xinwei (Cambodia) Telecom Co. Ltd","5678","socks4","3089","1","2023-05-11T04:29:44.461Z","90","1464","1629"
"87.197.151.162","elite","AS6855","SK","Slovak Telecom AS6855","179","Slovak Telekom, a.s.","4145","socks4","5193","1","2023-05-11T04:29:44.465Z","44","714","1612"
"176.197.103.58","elite","AS39927","RU","Goodline.info","91","N/A","4145","socks4","3296","1","2023-05-11T04:29:43.065Z","95","1554","1629"
"144.91.89.245","elite","AS51167","DE","Contabo GmbH","82","Contabo GmbH","1981","socks5","4896","1","2023-05-11T04:29:43.253Z","36","569","1601"
"100.4.91.158","elite","AS701","US","Verizon Communications","92","MCI Communications Services, Inc. d/b/a Verizon Business","8080","socks4","5093","1","2023-05-11T04:29:43.067Z","94","1492","1583"
"45.70.6.248","elite","AS267557","BR","OLITECH INFORM?TICA E COMUNICA??O LTDA","199","OLITECH INFORMÁTICA E COMUNICAÇÃO LTDA","8080","socks4","5188","83","2023-05-11T04:29:43.067Z","90","1417","1571"
"118.39.57.75","elite","AS4766","KR","Korea Telecom","288","N/A","4145","socks4","1495","1","2023-05-11T04:29:43.066Z","100","1623","1627"
"176.100.77.118","elite","AS49718","RU","Nizhnevolzhskie Telecommunication Networks Real Ltd.","80","REAL","3629","socks4","4593","1","2023-05-11T04:29:43.254Z","98","1485","1519"
"193.40.176.50","elite","AS3221","EE","Haridus- ja Noorteamet","100","Jarvamaa KHK","4153","socks4","5196","1","2023-05-11T04:29:43.254Z","92","1429","1551"
"34.64.4.65","elite","AS139070","KR","Google Asia Pacific Pte. Ltd.","288","Google LLC","80","socks5","4205","1","2023-05-11T04:29:43.066Z","100","1505","1505"
"124.122.137.150","elite","AS17552","TH","True Internet Co., Ltd.","286","TRUE BB","4153","socks4","2933","1","2023-05-11T04:29:41.968Z","63","1010","1610"
"202.77.121.178","elite","AS9905","ID","LINKNET","291","N/A","4153","socks4","4397","1","2023-05-11T04:29:41.967Z","99","1557","1568"
"95.140.124.217","elite","AS9125","RS","Drustvo za telekomunikacije Orion telekom doo Beograd, Gandijeva 76a","78","Orion Telekom Network","1080","socks4","1687","1","2023-05-11T04:29:41.967Z","100","1542","1543"
"181.111.175.234","elite","AS7303","AR","Telecom Argentina S.A","299","Providers S.A","4153","socks4","995","1","2023-05-11T04:29:41.968Z","99","1615","1628"
"50.47.75.217","elite","AS20055","US","Wholesail networks LLC","193","Ziply Fiber","5678","socks4","4395","79","2023-05-11T04:29:41.966Z","95","1544","1628"
"36.91.68.150","anonymous","AS7713","ID","PT. Telekomunikasi Indonesia","287","Telekomunikasi Indonesia","8080","http","5000","5410","2023-05-11T04:29:41.969Z","76","1177","1548"
"103.210.29.193","elite","AS134922","IN","R G TECHNOSOLUTIONS PVT LTD","189","R G Technosolutions PVT LTD","31433","socks4","2600","1","2023-05-11T04:29:40.461Z","99","1516","1526"
"104.17.248.164","elite","AS13335","CA","Cloudflare, Inc.","2","Cloudflare, Inc.","80","socks4","3897","1","2023-05-11T04:29:40.568Z","100","1553","1553"
"49.232.115.186","elite","AS45090","CN","Shenzhen Tencent Computer Systems Company Limited","159","Tencent cloud computing (Beijing) Co., Ltd.","3829","socks4","5101","1","2023-05-11T04:29:40.462Z","96","1457","1513"
"89.201.192.115","elite","AS34594","HR","OT - Optima Telekom d.d","100","N/A","1080","socks4","5007","84","2023-05-11T04:29:40.659Z","37","587","1574"
"116.62.240.85","elite","AS37963","CN","CNC Group CHINA169 Fujian Province Network","191","Beijing Kuancom Network Technology Co., Ltd.","7890","socks5","3603","1","2023-05-11T04:29:40.462Z","83","1279","1547"
"45.116.114.54","elite","AS58898","IN","Rainbow communications India Pvt Ltd","291","Rainbow Communications India Pvt Ltd","5678","socks4","5088","1","2023-05-11T04:29:40.569Z","100","1608","1616"
"5.2.75.58","elite","AS60404","NL","The Infrastructure Group B.V.","13","TIG","8118","http","5194","5298","2023-05-11T04:29:40.465Z","100","1509","1513"
"84.22.45.175","elite","AS33983","XK","Artmotion Sh.P.K.","95","Artmotion","1080","socks4","4697","2","2023-05-11T04:29:39.059Z","100","1619","1627"
"45.172.108.53","elite","AS265741","AR","GPS SANJUAN SRL.","291","N/A","9991","socks4","5084","1","2023-05-11T04:29:39.060Z","75","1136","1522"
"103.214.112.79","elite","AS136052","ID","PT Cloud Hosting Indonesia","210","PT Denbe Anugerah Solusindo","32323","socks5","4986","2","2023-05-11T04:29:39.062Z","99","1494","1511"
"213.251.238.26","anonymous","AS29420","RU","NLine-Kiev","99","Enlain LLC","8080","http","4990","3814","2023-05-11T04:29:39.066Z","100","1506","1512"
"172.67.181.11","elite","AS13335","CA","Cloudflare, Inc.","79","Cloudflare, Inc.","80","socks4","4604","1","2023-05-11T04:29:39.058Z","100","1549","1549"
"188.93.64.242","elite","AS47626","RU","Timer, LLC","86","Timer, LLC","4153","socks4","5101","83","2023-05-11T04:29:38.868Z","100","1625","1628"
"201.220.140.6","elite","AS27884","HN","Cablecolor S.A.","186","Globalnet.hn","30575","socks4","5095","1","2023-05-11T04:29:38.869Z","91","1490","1629"
"218.86.60.18","elite","AS4134","CN","Chinanet","204","Putian No.24 Middle School","4145","socks4","4094","1","2023-05-11T04:29:38.869Z","97","1550","1593"
"211.201.161.125","elite","AS9318","KR","SK Broadband Co Ltd","298","broadNnet","1080","socks4","5007","1","2023-05-11T04:29:37.454Z","100","1525","1529"
"177.55.247.181","elite","AS262532","BR","VAS Freitas Servicos de Internet Ltda","166","NET ONDA SERVICOS DE INTERNET LTDA","5678","socks4","4814","1","2023-05-11T04:29:35.667Z","96","1562","1629"
"106.14.148.126","elite","AS37963","CN","Hangzhou Alibaba Advertising Co","183","Aliyun Computing Co., LTD","1080","socks5","4893","1","2023-05-11T04:29:35.664Z","99","1551","1569"
"189.195.176.99","elite","AS13999","MX","Mega Cable, S.A. de C.V.","198","Mega Cable, S.A. de C.V","5678","socks4","4896","1","2023-05-11T04:29:35.668Z","97","1587","1629"
"109.110.35.210","elite","AS196949","RU","Podryad Nets","182","N/A","9090","http","4602","3196","2023-05-11T04:29:35.666Z","100","1505","1512"
"110.78.148.125","elite","AS131090","TH","CAT-BB","201","N/A","4145","socks4","5003","1","2023-05-11T04:29:35.664Z","87","1387","1590"
"103.47.93.220","elite","AS134058","IN","Broban Internet Services Pvt.ltd","191","Broban  PVT Ltd.","1080","socks4","5106","1","2023-05-11T04:29:35.667Z","99","1602","1614"
"41.215.82.214","elite","AS15808","KE","AccessKenya Group","294","AccessKenya Group Ltd","4673","socks4","2201","1","2023-05-11T04:29:35.667Z","51","831","1629"
"83.168.84.86","elite","AS31304","PL","ESPOL-FH","83","N/A","4153","socks4","5091","1","2023-05-11T04:29:35.667Z","99","1613","1628"
"91.189.177.188","anonymous","AS34989","NO","ServeTheWorld","36","STW","3128","http","4900","4599","2023-05-11T04:29:34.059Z","100","1508","1509"
"189.50.111.105","elite","AS28668","BR","Silva & Silveira Provedor de Internet Ltda","208","Silva & Silveira Provedor de Internet Ltda","3629","socks4","5097","1","2023-05-11T04:29:33.956Z","96","1560","1622"
"103.205.128.7","elite","AS134850","IN","WAY 2 INTERNET PRIVATE LIMITED","116","WAY 2 Internet Private Limited","4145","socks4","4896","1","2023-05-11T04:29:33.461Z","99","1614","1627"
"200.85.183.38","elite","AS28009","AR","Davitel S.A.","293","Davitel S.A","4145","socks4","4993","1","2023-05-11T04:29:33.957Z","100","1624","1629"
"103.95.197.233","elite","AS135918","VN","Viet Digital Technology Liability Company","210","DVS","9050","socks5","4611","1","2023-05-11T04:29:33.462Z","99","1532","1550"
"49.156.39.162","elite","AS24492","KH","WiCAM Corporation Ltd.","195","WiCAM Corporation Ltd.","5678","socks5","4802","1","2023-05-11T04:29:33.462Z","97","1464","1513"
"49.48.147.64","elite","AS45629","TH","Triple T Broadband Public Company Limited","191","Triple T Broadband Public Company Limited","8080","socks4","4704","1","2023-05-11T04:29:32.162Z","98","1542","1568"
"177.38.5.217","elite","AS52964","BR","F?BIO MENDES DIAS LTDA ME","231","FÁBIO MENDES DIAS LTDA ME","4153","socks4","4791","1","2023-05-11T04:29:32.161Z","95","1516","1595"
"80.65.28.57","elite","AS31257","RU","Orion Telecom LLC","108","Orion Telecom LLC","30924","socks4","4797","1","2023-05-11T04:29:31.957Z","97","1509","1551"
"85.92.165.225","elite","AS199335","GB","Talk Straight Ltd.","12","N/A","4145","socks4","4900","2","2023-05-11T04:29:31.956Z","100","1626","1627"
"202.142.181.162","elite","AS135523","PK","Multinet Broadband","197","Multinet Broadband","8080","socks4","4808","1","2023-05-11T04:29:31.957Z","94","1526","1628"
"51.68.244.19","elite","AS16276","FR","OVH SAS","6","OVH","61911","socks5","4705","2","2023-05-11T04:29:31.958Z","100","1549","1550"
"201.157.254.26","anonymous","AS52871","BR","TASCOM TELECOMUNICAÔÔES LTDA","183","TASCOM TELECOMUNICAÇÕES LTDA","8080","http","4902","2902","2023-05-11T04:29:30.269Z","100","1504","1511"
"124.122.137.249","elite","AS17552","TH","True Internet Co., Ltd.","198","TRUE BB","4153","socks4","4998","1","2023-05-11T04:29:30.464Z","72","1123","1555"
"81.12.28.9","elite","AS58224","IR","Iran Telecommunication Company PJS","92","Soroush Rasanheh Company Ltd","8080","socks4","4692","1","2023-05-11T04:29:30.467Z","96","1457","1514"
"112.133.192.231","elite","AS24186","IN","RailTel Corporation of India Ltd.","189","RailWire","5678","socks4","4496","1","2023-05-11T04:29:30.268Z","94","1536","1626"
"223.199.16.104","elite","AS4134","CN","Chinanet","285","Hainan TELECOM","9999","socks5","4988","1","2023-05-11T04:29:30.465Z","64","1033","1612"
"157.185.157.151","elite","AS54994","CA","Meteverse Limited.","108","Meteverse Limited","26589","socks5","4505","1","2023-05-11T04:29:30.268Z","99","1497","1507"
"185.81.153.162","elite","AS202505","TR","Netbudur Telekomunikasyon Limited Sirketi","46","Netbudur Telekomunikasyon Limited Sirketi","3389","socks4","4802","1","2023-05-11T04:29:30.267Z","100","1568","1574"
"198.24.187.91","elite","AS19437","US","Secured Servers LLC","99","Secured Servers LLC","8080","http","4898","3092","2023-05-11T04:29:30.467Z","100","1607","1607"
"38.91.107.2","elite","AS63023","US","GTHost","107","Globaltelehost Corp","17372","socks4","4693","2","2023-05-11T04:29:30.267Z","100","1540","1546"
"202.44.228.185","elite","AS4618","TH","Internet Thailand Company Ltd.","196","Internet Thailand Company Limited","4153","socks4","4602","1","2023-05-11T04:29:29.163Z","45","722","1602"
"189.36.193.74","anonymous","AS28308","BR","Orion Telecomunicações Comercio e Serviços LTDA","177","Orion Telecomunicações Comercio e Serviços LTDA","3128","http","4797","5499","2023-05-11T04:29:29.159Z","99","1500","1508"
"190.214.50.158","elite","AS28006","EC","Corporacion Nacional De Telecomunicaciones - CNT EP","168","Comite De LA Unidad De Hemodialisis De LA Provinci","55617","socks5","4793","1","2023-05-11T04:29:29.162Z","99","1514","1529"
"62.201.252.158","elite","AS44217","IQ","IQ Networks","75","Networks Ftth","5678","socks4","4700","1","2023-05-11T04:29:29.162Z","92","1500","1627"
"3.233.210.25","anonymous","AS14618","US","Amazon Technologies Inc.","99","AWS EC2 (us-east-1)","3128","http","4793","2699","2023-05-11T04:29:28.964Z","100","1507","1507"
"41.190.233.61","elite","AS37638","CD","ORIONCOM-SAT","179","N/A","36926","socks4","4710","1","2023-05-11T04:29:28.963Z","93","1516","1629"
"203.223.44.102","elite","AS17726","KH","Telecom Cambodia (T.C.)","292","N/A","53945","socks4","5004","1","2023-05-11T04:29:28.960Z","99","1610","1628"
"185.169.181.16","elite","AS34984","TR","Ates Dc","84","Ibrahim MALA trading as Ates Dc","4145","socks4","4797","1","2023-05-11T04:29:28.963Z","100","1512","1512"
"116.9.163.205","elite","AS4134","CN","Chinanet","224","Chinanet GX","5678","socks4","4908","1","2023-05-11T04:29:28.960Z","36","581","1595"
"104.16.105.15","elite","AS13335","CA","Cloudflare, Inc.","2","Cloudflare, Inc.","80","socks4","4806","1","2023-05-11T04:29:28.962Z","100","1622","1623"
"42.116.10.196","anonymous","AS18403","VN","FPT Telecom Company","283","FPT-STATICIP","443","http","4892","5610","2023-05-11T04:29:28.959Z","99","1619","1628"
"114.222.99.99","elite","AS4134","CN","Chinanet","208","Chinanet JS","1080","socks4","4618","1","2023-05-11T04:29:27.661Z","76","1151","1521"
"139.162.196.67","elite","AS63949","GB","LINODE-UK","9","Linode, LLC","60586","socks5","4609","1","2023-05-11T04:29:27.661Z","92","1431","1553"
"126.70.140.73","elite","AS17676","JP","Softbank BB Corp.","291","SOFTBANK Corp","80","socks4","4990","1","2023-05-11T04:29:27.459Z","100","1606","1610"
"31.179.162.78","elite","AS6830","PL","Liberty Global B.V.","87","UPC Polska Sp. z o.o","4153","socks4","4799","1","2023-05-11T04:29:27.461Z","96","1559","1630"
"27.123.3.139","elite","AS45706","ID","PT Tele Globe Global","162","N/A","4145","socks4","4892","1","2023-05-11T04:29:27.460Z","99","1613","1626"
"193.93.19.161","elite","AS39431","UA","ArgoCom Ltd.","100","ArgoCom Ltd","5678","socks4","4789","1","2023-05-11T04:29:26.163Z","84","1323","1574"
"118.96.94.40","elite","AS7713","ID","PT. TELKOM INDONESIA","195","N/A","80","socks4","4921","79","2023-05-11T04:29:26.162Z","80","1292","1612"
"103.76.190.37","elite","AS135758","IN","Alacriy Net System Service Private Limited","185","Alacriy Net System Service Private Limited","31756","socks4","5092","1","2023-05-11T04:29:25.967Z","99","1607","1626"
"170.233.117.32","elite","AS264738","AR","Sebastian Souto","295","Sebastian Souto","4153","socks4","5000","1","2023-05-11T04:29:25.967Z","99","1616","1628"
"124.133.20.234","elite","AS4837","CN","CHINA UNICOM China169 Backbone","194","JN srd","7302","socks5","4892","1","2023-05-11T04:29:25.968Z","48","719","1509"
"89.237.34.17","elite","AS20485","RU","multi-origin SUTTK","77","N/A","51549","socks4","4701","1","2023-05-11T04:29:25.968Z","100","1622","1628"
"103.124.137.251","elite","AS138089","ID","Global Media Data Prima","291","N/A","1080","socks4","5099","1","2023-05-11T04:29:25.966Z","97","1529","1572"
"49.0.32.177","elite","AS38744","BD","Always On Network Bangladesh Ltd.","184","Always On Network Bangladesh Ltd","10801","socks4","4903","1","2023-05-11T04:29:25.967Z","98","1559","1598"
"45.7.177.217","elite","AS266626","BR","Litoral Telecom","173","Litoral Telecom","39867","socks4","4987","1","2023-05-11T04:29:24.664Z","99","1604","1618"
"103.84.134.9","elite","AS136238","MV","SatLink Pvt Ltd","188","SatLink Pvt Ltd","1080","socks4","4803","1","2023-05-11T04:29:24.860Z","100","1600","1608"
"162.12.217.70","elite","N/A","FR","Weelax","183","Weelax","3629","socks4","4894","1","2023-05-11T04:29:24.664Z","98","1555","1591"
"43.128.62.125","elite","AS132203","HK","Aceville Pte.ltd","239","N/A","23642","socks5","5095","1","2023-05-11T04:29:24.661Z","90","1440","1606"
"86.123.217.199","elite","AS8708","RO","RCS & RDS","97","RCS & RDS Residential","8080","socks4","4885","1","2023-05-11T04:29:24.664Z","87","1367","1572"
"83.171.112.77","elite","AS12389","RU","Rostelecom networks","37","OJSC North-West Telecom","3629","socks4","4996","1","2023-05-11T04:29:24.663Z","99","1618","1629"
"165.225.110.77","elite","AS53813","JP","ZSCALER, INC.","287","Zscaler, Inc.","10605","socks4","5007","1","2023-05-11T04:29:24.662Z","94","1417","1507"
"125.26.4.197","elite","AS23969","TH","TOT Public Company Limited","199","TOT Public Company Limited","4145","socks4","5089","1","2023-05-11T04:29:24.663Z","97","1574","1628"
"8.17.28.139","elite","AS23089","US","Level 3","190","HOTWIRE-ORG","39593","socks4","4601","1","2023-05-11T04:29:23.362Z","98","1533","1568"
"51.79.50.22","elite","AS16276","CA","OVH SAS","90","OVH Hosting, Inc.","9300","http","4705","2899","2023-05-11T04:29:23.363Z","99","1498","1514"
"91.211.245.176","elite","AS61053","LT","UAB ESNET","34","ESNET","3128","socks4","5187","1","2023-05-11T04:29:23.466Z","100","1552","1554"
"162.19.7.60","elite","AS16276","FR","OVH SAS","6","OVH","34727","socks5","4798","1","2023-05-11T04:29:23.359Z","100","1546","1547"
"186.251.254.253","elite","AS267513","BR","Seanet Telecom Carazinho Eireli","294","Seanet Telecom Carazinho Eireli","31337","socks4","4788","1","2023-05-11T04:29:23.361Z","100","1622","1625"
"103.12.246.65","elite","AS134941","IN","Instant Cable Network PVT LTD","166","Instant Cable Network PVT LTD","4145","socks4","4982","99","2023-05-11T04:29:23.359Z","100","1618","1624"
"172.67.53.215","elite","AS13335","CA","Cloudflare, Inc.","2","Cloudflare, Inc.","80","socks4","4892","1","2023-05-11T04:29:21.755Z","100","1551","1551"
"110.78.147.107","elite","AS131090","TH","CAT-BB","199","N/A","4145","socks4","4993","1","2023-05-11T04:29:21.754Z","80","1249","1552"
"203.150.136.34","elite","AS45752","TH","Internet Thailand Company Ltd","193","INEXT Broadband Company Limited","3629","socks4","4694","1","2023-05-11T04:29:21.969Z","97","1574","1628"
"104.21.194.182","elite","AS13335","CA","Cloudflare, Inc.","2","Cloudflare, Inc.","80","socks5","4713","1","2023-05-11T04:29:21.755Z","100","1570","1571"
"103.47.93.25","elite","AS134058","IN","Broban Internet Services Pvt.ltd","167","Broban  PVT Ltd.","1080","socks4","5096","1","2023-05-11T04:29:21.673Z","99","1573","1587"
"83.136.176.72","elite","AS209581","ES","Wicat","94","GUARICO CONSTRUMAT, S.L","4145","socks4","5003","1","2023-05-11T04:29:21.754Z","100","1516","1522"
"65.49.67.161","elite","AS6939","US","Hurricane Electric LLC","196","Calcom","48324","socks4","5093","1","2023-05-11T04:29:20.255Z","99","1619","1629"
"192.12.113.232","elite","AS61942","BR","Rosana Ferreira da Silva Multimidia ME","297","Turbonet Telecom Ltda","4145","socks4","5103","1","2023-05-11T04:29:20.254Z","53","835","1573"
"101.71.154.251","elite","AS4837","CN","China Unicom Zhejiang Province Network","213","N/A","1080","socks5","4805","1","2023-05-11T04:29:20.368Z","100","1579","1583"
"121.139.218.165","elite","AS4766","KR","Korea Telecom","284","N/A","43295","socks4","4903","1","2023-05-11T04:29:20.257Z","100","1624","1627"
"216.80.120.100","elite","AS6079","US","RCN","105","RCN Corporation","3820","socks5","4901","1","2023-05-11T04:29:20.367Z","98","1567","1594"
"185.56.246.76","elite","AS41026","PL","KOPnet S.C. Marek Szczudlo Juliusz Kostrzewski","98","Kopnet","8291","socks4","4894","1","2023-05-11T04:29:20.258Z","99","1617","1628"
"196.44.181.37","elite","AS31856","ZW","YoAHRE-MAIN","204","N/A","5678","socks4","4995","1","2023-05-11T04:29:20.256Z","95","1532","1609"
"45.112.127.140","anonymous","AS58369","ID","FIBERNET","163","N/A","3179","http","5100","3002","2023-05-11T04:29:19.061Z","99","1504","1513"
"51.38.177.96","elite","AS16276","FR","OVH SAS","7","OVH","7497","socks5","5005","1","2023-05-11T04:29:19.061Z","100","1543","1543"
"54.36.244.133","elite","AS16276","FR","OVH SAS","7","OVH","47673","socks4","3904","1","2023-05-11T04:29:19.062Z","100","1550","1550"
"36.95.48.45","elite","AS7713","ID","PT. Telekomunikasi Indonesia","167","Telekomunikasi Indonesia","1080","socks4","4805","83","2023-05-11T04:29:18.868Z","96","1570","1628"
"149.28.100.114","elite","AS20473","US","The Constant Company","184","Vultr Holdings, LLC","37683","socks5","5005","1","2023-05-11T04:29:18.867Z","31","471","1540"
"187.103.74.137","elite","AS52965","BR","1telecom Servicos De Tecnologia EM Internet Ltda","183","1telecom Servicos De Tecnologia EM Internet Ltda","5678","socks4","5096","1","2023-05-11T04:29:18.866Z","92","1464","1596"
"180.246.225.122","elite","AS7713","ID","PT. TELKOM INDONESIA","195","N/A","8080","socks4","4796","1","2023-05-11T04:29:18.869Z","91","1381","1522"
"64.90.54.17","elite","AS26347","US","New Dream Network, LLC","193","New Dream Network, LLC","63770","socks5","4902","88","2023-05-11T04:29:18.868Z","100","1543","1544"
"115.171.90.145","elite","AS4847","CN","China Networks Inter-Exchange","197","Chinanet Cdma","8881","socks4","4912","1","2023-05-11T04:29:18.867Z","63","992","1564"
"117.86.138.13","elite","AS4134","CN","Chinanet","285","Chinanet JS","20012","socks5","3594","1","2023-05-11T04:29:17.464Z","83","1339","1610"
"188.127.224.46","elite","AS56694","RU","LLC Smart Ape","94","N/A","32606","socks5","3206","1","2023-05-11T04:29:17.463Z","86","1372","1596"
"118.67.223.4","elite","AS58923","BD","InterCloud Limited","183","InterCloud ltd","5678","socks4","4405","1","2023-05-11T04:29:17.463Z","100","1574","1576"
"61.182.224.169","elite","AS4837","CN","CNC Group CHINA169 Hebei Province Network","197","N/A","7300","socks5","1900","1","2023-05-11T04:29:17.464Z","99","1584","1606"
"114.99.14.240","elite","AS4134","CN","Chinanet","283","Chinanet AH","8004","socks4","3911","1","2023-05-11T04:29:16.060Z","66","1024","1563"
"103.53.78.26","anonymous","AS133817","ID","INTI","284","N/A","8080","http","4893","3707","2023-05-11T04:29:15.958Z","99","1492","1512"
"103.114.98.205","elite","AS137449","BD","Skynet Chowmuhani","301","N/A","1080","socks4","3992","1","2023-05-11T04:29:15.873Z","75","1222","1628"
"118.173.124.103","elite","AS23969","TH","TOT Public Company Limited","192","TOT Public Company Limited","4145","socks4","4691","2","2023-05-11T04:29:15.955Z","42","666","1570"
"186.251.255.93","elite","AS267513","BR","Seanet Telecom Carazinho Eireli","294","Seanet Telecom Carazinho Eireli","31337","socks4","3699","2","2023-05-11T04:29:15.956Z","100","1606","1612"
"203.115.123.163","elite","AS17426","IN","PRIMENET","198","Primenet Global Ltd.","9999","socks4","4986","1","2023-05-11T04:29:15.874Z","100","1623","1629"
"222.78.194.188","elite","AS4134","CN","Chinanet","214","Nanping Telecom FJ","53309","socks4","4806","2","2023-05-11T04:29:14.666Z","83","1286","1548"
"182.52.51.10","elite","AS23969","TH","TOT Public Company Limited","193","TOT Public Company Limited","35719","socks4","1513","1","2023-05-11T04:29:14.666Z","86","1320","1532"
"38.127.173.141","elite","AS174","US","Cogent Communications","82","Torlandia Trading SRL","46656","socks5","3895","1","2023-05-11T04:29:14.755Z","100","1558","1560"
"178.216.0.168","elite","AS50751","UA","Chks LLC","89","ASSIGNED Chuguev's Computer Networks(CH.K.S.)","39316","socks4","3920","83","2023-05-11T04:29:14.555Z","98","1596","1628"
"104.200.20.136","elite","AS63949","US","Akamai Technologies, Inc.","187","Linode","35434","socks5","4692","1","2023-05-11T04:29:14.665Z","100","1508","1508"
"185.217.199.5","elite","AS205090","RU","First Server Limited","89","Firstbyte Hosting","17018","socks4","4194","1","2023-05-11T04:29:14.754Z","72","1136","1568"
"109.75.42.82","elite","AS44395","AM","Ucom LLC","91","Ucom LLC","3629","socks4","4997","83","2023-05-11T04:29:14.554Z","100","1619","1627"
"62.171.137.122","elite","AS51167","DE","Contabo GmbH","94","Contabo GmbH","61568","socks5","4694","1","2023-05-11T04:29:14.755Z","100","1551","1554"
"177.200.82.190","elite","AS28368","BR","Sobralnet Servicos E Telecomunicacoes Ltda - ME","196","Sobralnet Servicos E Telecomunicacoes Ltda - ME","5678","socks4","5000","1","2023-05-11T04:29:13.167Z","97","1562","1612"
"1.0.0.187","elite","AS13335","AU","Cloudflare, Inc","2","APNIC and Cloudflare DNS Resolver project","80","socks4","5088","1","2023-05-11T04:29:13.166Z","100","1617","1617"
"95.79.111.39","elite","AS42682","RU","CJSC \"ER-Telecom Holding\" Nizhny Novgorod branch","52","JSC \"ER-Telecom Holding\" Nizhny Novgorod","1080","socks5","4902","1","2023-05-11T04:29:13.054Z","99","1491","1507"
"60.167.163.193","elite","AS4134","CN","Chinanet","296","Chinanet AH","30003","socks4","4790","1","2023-05-11T04:29:11.461Z","98","1488","1522"
"103.104.177.195","elite","AS136866","ID","Institut Seni Indonesia Surakarta","198","institut Seni Indonesia Surakarta, University","29020","socks4","4895","1","2023-05-11T04:29:11.557Z","100","1600","1603"
"138.36.171.244","elite","AS262300","BR","Super Connect Telecom Ltda","196","Super Connect Telecom Ltda","7497","socks5","4994","1","2023-05-11T04:29:11.556Z","100","1594","1598"
"89.216.28.7","elite","AS31042","RS","Serbia Broadband","46","N/A","4153","socks4","4600","1","2023-05-11T04:29:11.461Z","99","1613","1622"
"45.126.168.81","elite","AS134014","IN","NET 4 U SERVICES PVT LTD","189","NET 4 U Services PVT LTD","4145","socks4","4998","1","2023-05-11T04:29:11.464Z","100","1619","1622"
"14.102.61.94","elite","AS133647","IN","WORLDPHONE","179","N/A","5678","socks4","4990","96","2023-05-11T04:29:11.556Z","63","1026","1628"
"14.20.235.113","elite","AS4134","CN","Chinanet","294","Chinanet GD","3629","socks4","4886","1","2023-05-11T04:29:11.557Z","57","865","1519"
"193.106.57.7","elite","AS42510","UA","Magic Line","96","PE \"Magic-line\"","33429","socks5","4888","1","2023-05-11T04:29:11.559Z","90","1459","1629"
"45.79.230.234","elite","AS63949","US","Akamai Technologies, Inc.","181","Linode","443","socks4","4800","1","2023-05-11T04:29:11.460Z","100","1625","1628"
"202.107.74.24","elite","AS4837","CN","CNC Group CHINA169 Liaoning Province Network","188","N/A","7312","socks5","4781","1","2023-05-11T04:29:11.461Z","96","1544","1609"
"177.93.78.9","elite","AS263163","BR","JR LINK PROVEDOR DE INTERNET VIA RARIO LTDA","195","JR LINK PROVEDOR DE INTERNET VIA RARIO LTDA","4153","socks4","4590","1","2023-05-11T04:29:11.462Z","96","1561","1624"
"170.254.255.230","elite","AS52584","BR","Connect Fibra","206","Connect Fibra","45816","socks4","4497","80","2023-05-11T04:29:11.462Z","98","1518","1556"
"46.188.2.42","elite","AS8334","RU","2COM","73","2COM Co ltd.","5678","socks4","5002","88","2023-05-11T04:29:11.463Z","98","1487","1512"
"46.219.1.5","elite","AS31148","UA","o3 core","99","N/A","5678","socks4","4807","1","2023-05-11T04:29:09.253Z","99","1506","1522"
"185.170.233.106","elite","AS206912","CY","Superdach LTD","63","Infra","47574","socks4","4511","1","2023-05-11T04:29:09.255Z","100","1624","1624"
"45.7.210.203","elite","AS265729","AR","Cooperativa de Servicios Públicos de Porteña LTDA","287","Cooperativa de Servicios Públicos de Porteña LTDA","4153","socks4","4811","1","2023-05-11T04:29:09.856Z","98","1525","1551"
"162.0.220.216","elite","AS22612","US","Namecheap, Inc.","186","Namecheap, Inc.","38304","socks5","4604","3","2023-05-11T04:29:09.255Z","100","1611","1612"
"183.89.40.224","elite","AS45629","TH","Triple T Broadband Public Company Limited","180","Triple T Broadband Public Company Limited","1080","socks4","4501","1","2023-05-11T04:29:09.256Z","97","1573","1628"
"190.181.140.90","elite","AS52242","NI","Yota De Nicaragua","165","Yota De Nicaragua","5678","socks4","4613","1","2023-05-11T04:29:09.255Z","85","1347","1576"
"201.140.238.230","elite","AS266148","BR","Mais Fibra Telecomunicacao Ltda","189","Mais Fibra Telecomunicacao Ltda","5678","socks4","4707","1","2023-05-11T04:29:09.254Z","99","1612","1627"
"146.145.199.120","elite","AS7029","US","Windstream Communications LLC","91","Colo16","8080","socks5","4892","1","2023-05-11T04:29:09.855Z","99","1568","1580"
"143.208.58.87","anonymous","AS22869","GT","Comunicaciones Metropolitanas Cablecolor","190","Instituto De Prevision Militar","8080","http","4902","5987","2023-05-11T04:29:09.953Z","100","1568","1569"
"220.195.3.99","elite","AS4837","CN","China Unicom Network","183","N/A","808","http","4293","3095","2023-05-11T04:29:07.658Z","100","1505","1509"
"110.77.149.50","elite","AS131090","TH","CAT-BB","204","N/A","5678","socks4","5094","1","2023-05-11T04:29:07.573Z","99","1596","1618"
"213.6.38.50","elite","AS12975","PS","Palestine Telecommunications Company","94","Palestine Telecommunications Company","59422","socks4","2797","1","2023-05-11T04:29:07.574Z","98","1601","1629"
"178.212.52.198","elite","AS197025","PL","Lubuskie Sieci Swiatlowodowe Sp. z o. o.","48","Lubuskie Sieci Swiatlowodowe Sp. z o. o","1080","socks4","4796","1","2023-05-11T04:29:07.768Z","97","1564","1607"
"50.250.75.153","elite","AS7922","US","Comcast Cable Communications, LLC","108","Comcast Cable Communications, LLC","39593","socks4","4900","1","2023-05-11T04:29:07.654Z","97","1464","1510"
"103.30.84.50","elite","AS18103","ID","Neuviz Net","287","N/A","1080","socks4","4890","1","2023-05-11T04:29:07.656Z","97","1564","1612"
"12.158.87.26","elite","AS7018","US","AT&T Services, Inc.","183","Acc-crystal Broadband Network","39593","socks4","4993","1","2023-05-11T04:29:07.653Z","98","1592","1628"
"104.16.105.207","elite","AS13335","CA","Cloudflare, Inc.","2","Cloudflare, Inc.","80","socks5","3394","1","2023-05-11T04:29:06.258Z","100","1522","1522"
"213.149.103.133","elite","AS8585","ME","Crnogorski Telekom a.d.Podgorica","40","T ComServeri","61859","socks5","5190","1","2023-05-11T04:29:06.261Z","100","1621","1629"
"115.127.121.194","elite","AS24342","BD","BRACNet Limited","287","BRACNet Limited","5678","socks4","4909","1","2023-05-11T04:29:06.158Z","98","1602","1628"
"83.228.47.75","elite","AS8866","BG","Bulgarian Telecommunications Company Plc.","80","BTC-BROADBAND","4145","socks4","4601","1","2023-05-11T04:29:06.157Z","99","1517","1533"
"185.6.10.248","elite","AS12552","SE","GlobalConnect AB","97","Internet Vikings International AB","36627","socks5","5095","1","2023-05-11T04:29:06.262Z","100","1584","1584"
"211.144.20.13","elite","AS4808","CN","China Unicom Beijing Province Network","389","Bgtelecom","8080","socks4","4810","1","2023-05-11T04:29:06.157Z","99","1528","1549"
"45.77.111.135","elite","AS20473","US","The Constant Company","90","Vultr Holdings, LLC","15082","socks5","5002","1","2023-05-11T04:29:06.262Z","100","1593","1593"
"84.237.248.137","elite","AS12578","LV","LATTELEKOM","47","N/A","4153","socks4","4107","1","2023-05-11T04:29:06.156Z","63","991","1574"
"88.151.187.133","elite","AS39578","RU","Ltd \"Maxima\"","52","Ltd Maxima","9123","socks4","5001","1","2023-05-11T04:29:06.158Z","100","1627","1627"
"188.68.236.126","elite","AS197226","PL","Sprint S.A","94","Sprint S.A.","3128","socks4","5102","1","2023-05-11T04:29:06.157Z","60","910","1514"
"41.79.149.161","elite","AS37403","ZA","Info-Gro (PTY) Ltd","194","Info-Gro (PTY) Ltd","5678","socks4","5091","1","2023-05-11T04:29:04.973Z","99","1620","1630"
"212.83.143.159","elite","AS12876","FR","Online S.A.S.","1","ONLINE","48024","socks4","3107","1","2023-05-11T04:29:04.860Z","100","1590","1595"
"103.127.56.236","elite","AS138501","BD","Unified Core Limited","288","Unified Core Limited","5678","socks4","4908","1","2023-05-11T04:29:04.861Z","98","1529","1563"
"77.238.123.178","elite","AS43754","IR","Asiatech Data Transmission company","96","Asiatech Data Transmission company","8001","socks4","4402","1","2023-05-11T04:29:04.969Z","98","1594","1626"
"165.22.52.130","elite","AS14061","SG","DigitalOcean, LLC","196","DigitalOcean, LLC","8000","socks4","5006","1","2023-05-11T04:29:03.568Z","63","997","1592"
"163.53.205.161","elite","AS58898","IN","Rainbow communications India Pvt Ltd","199","Rainbow communications India Pvt Ltd","4153","socks4","4582","1","2023-05-11T04:29:03.567Z","100","1595","1597"
"179.107.51.47","elite","AS263284","BR","Topmega Internet e Inform?tica LTDA -ME","285","Topmega Internet e Informática LTDA -ME","4153","socks4","4404","1","2023-05-11T04:29:03.569Z","95","1512","1592"
"138.97.0.53","elite","AS262346","BR","FP Telecomunicacoes Ltda","284","FP Telecomunicacoes Ltda","4145","socks4","4801","1","2023-05-11T04:29:03.569Z","82","1294","1584"
"58.214.69.251","elite","AS4134","CN","Chinanet","228","Chinanet JS","28643","socks4","3297","1","2023-05-11T04:29:03.568Z","53","843","1588"
"131.106.216.130","anonymous","AS6079","US","RCN","115","RCN Corporation","8080","http","4201","3104","2023-05-11T04:29:03.470Z","100","1512","1513"
"103.124.190.130","elite","AS17995","ID","PT iForte Global Internet","771","Solusinet","5678","socks4","4497","1","2023-05-11T04:29:01.865Z","37","568","1552"
"185.32.45.201","elite","AS200154","AZ","Izone LLC","79","IZONE Network Broadband Services","4153","socks4","4696","1","2023-05-11T04:29:01.863Z","100","1627","1628"
"154.117.134.214","elite","AS37358","ZA","BitCo","199","N/A","4153","socks4","4787","1","2023-05-11T04:29:01.863Z","32","521","1628"
"103.251.222.49","elite","AS58972","IN","BHOMIKA","168","Bhomika","4145","socks4","4601","1","2023-05-11T04:29:01.864Z","100","1602","1610"
"93.116.57.4","elite","AS8926","MD","JSC MOLDTELECOM SA","64","JSC Moldtelecom S.A.","4153","socks4","4886","2","2023-05-11T04:29:01.862Z","99","1613","1629"
"202.159.6.242","elite","AS9340","ID","PT IndoInternet","193","N/A","5678","socks4","4002","1","2023-05-11T04:29:00.373Z","100","1624","1629"
"191.7.208.100","elite","AS263327","BR","HTM Serviços de Telecomunicações EIRELI","185","HTM SERVICOS DE TELECOMUNICACOES LTDA","31576","socks4","4105","1","2023-05-11T04:29:00.373Z","99","1559","1568"
"93.190.138.40","elite","AS49981","NL","WorldStream B.V.","88","N/A","30170","socks4","4798","1","2023-05-11T04:29:00.468Z","99","1582","1590"
"177.155.130.97","elite","AS53062","BR","Ggnet Telecom Backbone","201","Ggnet Telecom Backbone","5678","socks4","4084","1","2023-05-11T04:29:00.374Z","99","1517","1525"
"189.90.241.30","elite","AS28201","BR","Companhia Itabirana Telecomunicações Ltda","289","Restaurante E Posto Pires Ltda","63253","socks4","3997","1","2023-05-11T04:29:00.374Z","94","1529","1629"
"203.99.57.145","elite","AS23674","PK","Nayatel (Pvt) Ltd","192","Micronet","5678","socks4","3303","1","2023-05-11T04:28:58.666Z","100","1566","1570"
"100.4.50.233","elite","AS701","US","Verizon Communications","191","MCI Communications Services, Inc. d/b/a Verizon Business","8080","socks5","3400","2","2023-05-11T04:28:58.665Z","100","1579","1582"
"68.183.17.152","elite","AS14061","US","DigitalOcean, LLC","96","DigitalOcean, LLC","8016","socks5","3410","1","2023-05-11T04:28:58.665Z","90","1450","1613"
"80.200.67.156","elite","AS5432","BE","Proximus","96","Belgacom SA","15747","socks4","3312","1","2023-05-11T04:28:58.666Z","89","1416","1591"
"70.185.95.162","elite","AS22773","US","Cox Communications Inc.","198","Cox Communications Inc.","39593","socks4","4499","1","2023-05-11T04:28:57.255Z","98","1600","1627"
"92.255.172.214","elite","AS41682","RU","CJSC \"ER-Telecom Holding\" Tyumen' branch","73","CJSC \"ER-Telecom Holding\" Tyumen branch","8080","socks5","4509","83","2023-05-11T04:28:57.254Z","99","1512","1522"
"195.211.219.147","anonymous","AS50105","RU","OOO \"Sestroretskoe Cable Television\"","98","SCTV","5555","http","5096","3399","2023-05-11T04:28:57.262Z","100","1625","1629"
"128.199.142.101","elite","AS14061","SG","DigitalOcean, LLC","199","DigitalOcean, LLC","10106","socks5","4599","1","2023-05-11T04:28:57.254Z","100","1625","1627"
"50.237.206.174","elite","AS7922","US","Comcast Cable Communications, LLC","98","Comcast Cable Communications, LLC","64312","socks4","4797","1","2023-05-11T04:28:57.253Z","100","1626","1628"
"124.158.186.254","anonymous","AS55685","ID","PT Jala Lintas Media","185","N/A","8080","http","3504","2508","2023-05-11T04:28:57.259Z","99","1499","1511"
"218.64.122.99","elite","AS4134","CN","Chinanet","216","Chinanet JX","7302","socks5","3696","1","2023-05-11T04:28:57.259Z","99","1493","1509"
"182.23.79.162","elite","AS4800","ID","PT Aplikanusa Lintasarta","246","N/A","50862","socks4","3687","1","2023-05-11T04:28:57.260Z","98","1601","1628"
"46.105.124.74","elite","AS16276","FR","OVH SAS","5","OVH ISP","7497","socks5","3702","1","2023-05-11T04:28:55.756Z","100","1580","1587"
"104.18.103.125","elite","AS13335","CA","Cloudflare, Inc.","2","Cloudflare, Inc.","80","socks4","4702","1","2023-05-11T04:28:55.657Z","100","1548","1548"
"190.121.21.211","elite","AS14117","CL","Telefonica del Sur S.A.","282","Telefonica del Sur S.A","51963","socks4","3910","2","2023-05-11T04:28:55.754Z","100","1622","1628"
"168.119.178.134","elite","AS24940","DE","Hetzner Online GmbH","98","Hetzner","1080","socks5","4093","1","2023-05-11T04:28:55.753Z","97","1567","1613"
"37.192.118.80","elite","AS31200","RU","Novotelecom Ltd","93","Novotelecom ltd.","1080","socks5","3713","2","2023-05-11T04:28:55.755Z","43","693","1627"
"27.147.193.190","elite","AS23688","BD","Link3 Technologies Limited","203","Corporate Subscriber","1080","socks4","4003","1","2023-05-11T04:28:55.754Z","96","1497","1554"
"31.172.66.166","elite","AS49063","RU","FORNEX","46","Fornex Hosting S.L.","20557","socks4","3810","83","2023-05-11T04:28:55.755Z","71","1128","1591"
"180.183.225.91","elite","AS45629","TH","Triple T Broadband Public Company Limited","185","Triple T Broadband Public Company Limited","44550","socks4","4609","1","2023-05-11T04:28:54.753Z","100","1515","1519"
"118.174.219.171","elite","AS23969","TH","TOT Public Company Limited","188","TOT Public Company Limited","4153","socks4","4800","1","2023-05-11T04:28:54.561Z","98","1567","1605"
"79.101.45.94","elite","AS8400","RS","TELEKOM-SRBIJA","83","N/A","56921","socks4","4608","1","2023-05-11T04:28:54.561Z","98","1587","1625"
"185.157.241.63","elite","AS39235","CZ","Nordic Telecom Regional s.r.o.","91","Nordic Telecom Regional s.r.o","4145","socks4","5004","1","2023-05-11T04:28:54.560Z","97","1493","1533"
"200.81.144.1","elite","AS270934","BR","Silva de Sá Informática LTDA","182","Silva de Sá Informática LTDA","1080","socks4","4914","1","2023-05-11T04:28:54.560Z","100","1624","1629"
"166.62.59.87","elite","AS26496","US","GoDaddy.com, LLC","199","GoDaddy.com, LLC","32077","socks4","4709","1","2023-05-11T04:28:53.870Z","100","1561","1567"
"103.47.93.202","elite","AS134058","IN","Broban Internet Services Pvt.ltd","184","Broban  PVT Ltd.","1080","socks4","4189","1","2023-05-11T04:28:53.764Z","99","1598","1611"
"186.211.110.178","elite","AS53062","BR","Ggnet Telecom Backbone","290","Ggnet Telecom Backbone","32346","socks4","4700","1","2023-05-11T04:28:53.870Z","95","1529","1603"
"204.10.182.34","elite","AS1819","US","DCM Cable Inc.","181","DCM Cable Inc","39593","socks4","5092","1","2023-05-11T04:28:53.869Z","100","1628","1628"
"184.178.172.25","elite","AS22773","US","Cox Communications Inc.","188","Cox Communications Inc.","15291","socks5","4595","1","2023-05-11T04:28:53.763Z","100","1512","1514"
"103.82.8.197","elite","AS136156","BD","FNF Online","184","N/A","4153","socks4","3996","1","2023-05-11T04:28:53.764Z","99","1548","1563"
"110.78.149.34","elite","AS131090","TH","CAT-BB","283","N/A","4145","socks4","4513","1","2023-05-11T04:28:52.368Z","68","1087","1608"
"138.94.92.26","elite","AS264145","BR","FACILNET PROVEDOR E SERVI?OS EIRELI","154","FACILNET PROVEDOR E SERVIÇOS EIRELI","7497","socks5","4798","1","2023-05-11T04:28:52.555Z","100","1549","1555"
"102.64.116.97","elite","AS328500","CG","A.M.C Telecom","193","A.M.C Telecom","4145","socks4","4405","1","2023-05-11T04:28:52.367Z","97","1583","1628"
"182.253.142.7","elite","AS17451","ID","Biznet Networks","300","MetroNET","4145","socks4","5013","1","2023-05-11T04:28:52.367Z","68","1082","1596"
"45.116.114.29","elite","AS58898","IN","Rainbow communications India Pvt Ltd","190","Rainbow Communications India Pvt Ltd","5678","socks4","4912","1","2023-05-11T04:28:52.556Z","77","1257","1628"
"177.38.5.33","elite","AS52964","BR","F?BIO MENDES DIAS LTDA ME","293","FÁBIO MENDES DIAS LTDA ME","4153","socks4","5006","1","2023-05-11T04:28:52.555Z","83","1318","1580"
"178.253.200.209","elite","AS9125","RS","Orion Telekom ISP IP Network","98","N/A","1080","socks4","1003","1","2023-05-11T04:28:52.366Z","100","1607","1612"
"103.112.253.45","elite","AS137139","IN","Cybernet Introtech Private Limited","205","Cybernet Introtech Private Limited","5678","socks4","4992","1","2023-05-11T04:28:52.556Z","70","1133","1628"
"159.203.105.85","elite","AS14061","US","DigitalOcean, LLC","81","Digital Ocean","7497","socks5","3891","1","2023-05-11T04:28:48.266Z","88","1379","1569"
"138.201.63.139","elite","AS24940","DE","Hetzner Online GmbH","93","Hetzner","4444","http","4203","2199","2023-05-11T04:28:48.262Z","100","1626","1626"
"192.252.214.20","elite","AS46562","US","Performive LLC","179","Performive LLC","15864","socks5","3988","2","2023-05-11T04:28:48.265Z","98","1476","1513"
"217.66.223.125","elite","AS24631","IR","Tose'h Fanavari Ertebabat Pasargad Arian Co. PJS","129","Fanaptelecom Network","5678","socks4","4015","83","2023-05-11T04:28:48.263Z","85","1377","1614"
"221.10.151.38","elite","AS4837","CN","CNC Group CHINA169 Sichuan Province Network","268","N/A","1080","socks5","4196","1","2023-05-11T04:28:48.262Z","99","1502","1512"
"116.199.172.1","elite","AS45661","IN","Capture Network Systems Pvt. Ltd.","194","Capture Network Systems Pvt. Ltd.","4145","socks4","3523","1","2023-05-11T04:28:48.259Z","99","1574","1597"
"154.201.25.238","elite","AS135357","US","HK Zhao Heng Resources Administration Limited","305","HK Zhao Heng Resources Administration Limited","30001","socks4","3617","3","2023-05-11T04:28:48.259Z","77","1201","1555"
"138.201.81.62","elite","AS24940","DE","Hetzner Online GmbH","92","Hetzner","30082","socks4","3997","1","2023-05-11T04:28:48.264Z","100","1587","1587"
"172.67.36.21","elite","AS13335","CA","Cloudflare, Inc.","2","Cloudflare, Inc.","80","socks4","4107","1","2023-05-11T04:28:48.262Z","100","1628","1628"
"67.213.212.16","elite","AS32780","US","Hosting Services, Inc.","100","Hosting Services, Inc.","16676","socks5","3420","1","2023-05-11T04:28:48.260Z","100","1611","1612"
"43.132.238.17","elite","AS132203","HK","Shenzhen Tencent Computer Systems Company Limited","289","Tencent Cloud Computing","24018","socks4","3902","1","2023-05-11T04:28:48.265Z","80","1250","1567"
"143.202.136.55","elite","AS263196","AR","Infosport SA","225","Infosport SA","4153","socks4","4089","1","2023-05-11T04:28:48.263Z","77","1228","1592"
"46.227.37.153","elite","AS51155","PL","Telemedian - TB Telecom","39","Telemedian","1088","socks4","3625","1","2023-05-11T04:28:48.258Z","100","1506","1508"
"51.75.52.229","elite","AS16276","PL","OVH SAS","29","OVH Sp. z o. o","3000","http","4399","1695","2023-05-11T04:28:45.761Z","100","1509","1509"
"183.89.97.96","elite","AS45629","TH","Triple T Broadband Public Company Limited","191","Triple T Broadband Public Company Limited","8080","socks4","3300","1","2023-05-11T04:28:45.760Z","92","1454","1572"
"178.132.168.77","elite","AS8926","MD","JSC \"Moldtelecom\" S.A","85","JSC Moldtelecom S.A.","5678","socks4","3432","1","2023-05-11T04:28:45.866Z","99","1577","1586"
"180.183.225.197","elite","AS45629","TH","Triple T Broadband Public Company Limited","194","Triple T Broadband Public Company Limited","4145","socks4","3328","1","2023-05-11T04:28:45.955Z","92","1483","1613"
"177.72.115.141","elite","AS262558","BR","Prompt Brasil Solucoes EM TI Ltda","198","Prompt Brasil Solucoes EM TI Ltda","31164","socks4","3403","1","2023-05-11T04:28:45.760Z","99","1599","1618"
"117.102.224.38","elite","AS23756","ID","PT Padi Internet","197","N/A","1080","socks4","3583","1","2023-05-11T04:28:45.759Z","100","1624","1627"
"89.161.90.225","elite","AS39375","PL","Telekomunikacja Podlasie Sp. z o.o.","35","Telekomunikacja Podlasie sp. z o.o.","5678","socks4","4787","1","2023-05-11T04:28:44.365Z","99","1615","1627"
"162.0.220.214","elite","AS22612","US","Namecheap, Inc.","135","Namecheap, Inc.","52889","socks4","4699","2","2023-05-11T04:28:44.366Z","100","1580","1586"
"202.57.46.138","elite","AS9927","PH","PhilCom Corporation","394","PhilCom Corporation","4145","socks4","4796","1","2023-05-11T04:28:44.365Z","54","885","1629"
"51.75.83.94","elite","AS16276","DE","OVH SAS","11","mizbandadehpardazi Mobinh","1080","socks5","3991","1","2023-05-11T04:28:44.457Z","76","1235","1629"
"149.20.253.40","elite","AS18615","US","Mainstream Fiber Networks, LLC","101","Mainstream Fiber Networks, LLC","12551","socks4","3495","1","2023-05-11T04:28:44.557Z","100","1591","1593"
"176.120.32.135","elite","AS48006","UA","Langate Ltd","43","\"Langate\" Ltd","5678","socks4","4504","1","2023-05-11T04:28:44.367Z","94","1524","1628"
"151.238.140.95","elite","AS43395","IR","Pooya Parto Qeshm Cooperative Company","207","Shtl DSL THR","4145","socks4","4809","1","2023-05-11T04:28:44.364Z","97","1502","1544"
"41.184.211.21","elite","AS29091","NG","ipNX Nigeria Limited","104","ipNX NIGERIA LIMITED","5678","socks4","3392","1","2023-05-11T04:28:44.558Z","71","1141","1601"
"46.36.65.117","elite","AS43627","LT","KLI","45","N/A","1080","socks4","4689","1","2023-05-11T04:28:44.367Z","91","1482","1629"
"103.79.96.141","elite","AS64308","ID","PT IndoDev Niaga Internet","203","PT IndoDev Niaga Internet","4153","socks4","4494","1","2023-05-11T04:28:44.367Z","100","1615","1616"
"119.28.73.226","elite","AS132203","HK","ComsenzNet","282","Tencent cloud computing (Beijing) Co., Ltd.","30002","socks4","3900","1","2023-05-11T04:28:44.457Z","100","1577","1584"
"43.154.110.51","elite","AS132203","HK","Shenzhen Tencent Computer Systems Company Limited","287","Tencent Cloud Computing","59394","socks4","4089","1","2023-05-11T04:28:43.260Z","35","546","1541"
"45.229.192.61","elite","AS267757","CO","Interlans S.A.S","183","INTERLANS","5678","socks4","3804","1","2023-05-11T04:28:43.262Z","96","1492","1552"
"43.157.49.204","elite","AS132203","DE","Shenzhen Tencent Computer Systems Company Limited","11","Tencent Cloud Computing","443","socks4","4000","1","2023-05-11T04:28:43.262Z","8","128","1579"
"103.107.94.2","elite","AS135683","IN","Netncr Technology Pvt Ltd","289","Netncr Technology Pvt Ltd","44578","socks4","4193","1","2023-05-11T04:28:43.259Z","100","1566","1569"
"154.117.212.18","elite","AS327799","BI","2G+3G+4G","196","N/A","5678","socks4","4099","1","2023-05-11T04:28:43.259Z","97","1467","1509"
"188.136.162.30","elite","AS48309","IR","Ariana Gostar Spadana's","105","N/A","4153","socks4","4892","2","2023-05-11T04:28:42.267Z","99","1581","1594"
"172.105.201.56","elite","AS63949","JP","Akamai Technologies","294","Linode","19151","socks4","4689","1","2023-05-11T04:28:42.353Z","99","1526","1542"
"70.60.230.33","elite","AS11426","US","Spectrum","99","Fastlink Communications Inc","32940","socks4","4802","1","2023-05-11T04:28:42.267Z","100","1626","1628"
"92.42.8.21","elite","AS44963","RU","KMVtelecom","99","JSC PP Potok","4145","socks4","4698","1","2023-05-11T04:28:42.270Z","100","1623","1628"
"31.172.66.22","elite","AS49063","RU","FORNEX","47","Fornex Hosting S.L.","20466","socks4","4597","1","2023-05-11T04:28:42.460Z","100","1596","1597"
"192.158.15.201","elite","AS40028","CA","Ontario Inc.","95","UNIXCHOSTING.COM","50877","socks4","5103","1","2023-05-11T04:28:41.462Z","99","1608","1627"
"38.91.106.252","elite","AS63023","US","GTHost","107","Globaltelehost Corp","32687","socks5","4805","1","2023-05-11T04:28:41.464Z","99","1560","1569"
"182.253.247.245","elite","AS17451","ID","BIZNET","209","N/A","4153","socks4","4611","1","2023-05-11T04:28:41.465Z","97","1546","1601"
"185.189.102.178","elite","AS47895","RU","LTD \"Erline\"","83","LTD \"Rline\"","4153","socks4","4791","1","2023-05-11T04:28:41.568Z","96","1524","1592"
"43.242.242.140","elite","AS17882","MN","MCS Com Co Ltd","209","OrbitNet LLC","5678","socks4","5091","1","2023-05-11T04:28:41.463Z","97","1545","1596"
"125.253.125.132","elite","AS45538","VN","ODS Joint Stock Company","187","ODSJSC","46051","socks4","4899","1","2023-05-11T04:28:41.567Z","95","1477","1555"
"185.6.10.191","elite","AS12552","SE","GlobalConnect AB","91","Internet Vikings International AB","19427","socks4","4593","1","2023-05-11T04:28:41.569Z","100","1580","1581"
"110.77.236.235","elite","AS131090","TH","CAT Telecom Public Company Limited","193","CAT BBviaOnnet","4153","socks4","4704","1","2023-05-11T04:28:41.465Z","79","1282","1629"
"190.211.161.210","elite","AS262589","CL","INTERNEXA Chile S.A","287","Tumundo Digital Telecomunicaciones SPA","32410","socks4","4896","1","2023-05-11T04:28:41.464Z","99","1607","1630"
"95.140.124.161","elite","AS9125","RS","Drustvo za telekomunikacije Orion telekom doo Beograd, Gandijeva 76a","81","Orion Telekom Network","1080","socks4","5003","1","2023-05-11T04:28:41.464Z","100","1590","1592"
"182.93.84.40","elite","AS4007","NP","Subisu D17","201","N/A","5678","socks4","4602","1","2023-05-11T04:28:41.569Z","14","228","1619"
"103.70.159.148","elite","AS133720","IN","speednet","198","N/A","5678","socks4","4687","1","2023-05-11T04:28:40.063Z","99","1613","1628"
"37.228.65.107","elite","AS35104","KZ","Jusan Mobile JSC","96","Jusan Mobile","51032","socks4","4889","1","2023-05-11T04:28:40.062Z","96","1566","1629"
"49.0.42.114","elite","AS38744","BD","Always On Network Bangladesh Ltd.","185","Always On Network Bangladesh Ltd","10801","socks4","4706","1","2023-05-11T04:28:40.062Z","98","1565","1591"
"46.23.155.18","elite","AS43314","RU","DIANET address","95","N/A","62638","socks4","4796","1","2023-05-11T04:28:40.169Z","91","1479","1628"
"5.8.240.91","elite","AS3178","IQ","FastLine Communication And Information Technology","93","FastLine Communication And Information Technology Ltd","4153","socks4","4909","79","2023-05-11T04:28:40.062Z","100","1606","1614"
"202.52.237.117","elite","AS4613","NP","Mercantile Office Systems","194","Mercantile Communications Pvt Ltd","8080","socks4","4993","1","2023-05-11T04:28:40.168Z","99","1522","1537"
"203.13.32.236","elite","AS209242","CY","Cloudflare London, LLC","85","Lachtaristo Holdings Limited","80","socks4","5008","1","2023-05-11T04:28:40.060Z","100","1522","1522"
"116.204.229.97","elite","AS58689","BD","ICC Communication Ltd","194","ICC Communication Ltd.","4145","socks4","4696","1","2023-05-11T04:28:40.063Z","99","1613","1625"
"89.33.8.118","elite","AS9009","RO","M247 Europe SRL","71","M247 Europe SRL","11221","socks5","4586","1","2023-05-11T04:28:38.665Z","98","1595","1629"
"159.223.117.14","elite","AS14061","US","DigitalOcean, LLC","94","DigitalOcean, LLC","24006","socks5","4797","1","2023-05-11T04:28:38.860Z","97","1494","1546"
"15.235.42.114","elite","AS16276","CA","OVH SAS","86","OVH Hosting, Inc","52640","socks5","4898","1","2023-05-11T04:28:38.860Z","100","1509","1509"
"61.7.138.71","elite","AS131090","TH","CAT Telecom Public Company Limited","198","National Telecom Public Company Limited","4145","socks4","4596","1","2023-05-11T04:28:38.664Z","80","1295","1615"
"41.190.69.110","elite","AS37032","GH","Alink Telecom Ghana","190","Alink Telecom Ghana","4145","socks4","4695","1","2023-05-11T04:28:38.663Z","96","1567","1624"
"202.183.155.242","elite","AS4750","TH","DaiwaAsia","186","Daiwa Asia Co.","4153","socks4","4603","88","2023-05-11T04:28:38.664Z","100","1620","1628"
"41.160.6.186","elite","AS36937","ZA","Liquid Telecommunications Operations Limited","198","Neotel GAU","59881","socks4","4918","1","2023-05-11T04:28:38.859Z","99","1513","1529"
"36.67.14.193","elite","AS7713","ID","PT. Telekomunikasi Indonesia","191","N/A","5678","socks4","4401","1","2023-05-11T04:28:37.470Z","99","1596","1607"
"103.88.126.170","elite","AS134006","IN","Sheng Li Telecom India Private Limited","172","Xantel Corporation Pvt Ltd","5678","socks4","4195","1","2023-05-11T04:28:37.361Z","98","1599","1627"
"89.144.31.219","elite","AS197549","DE","GHOSTnet GmbH","10","cloud-interactive.de","13800","socks5","4491","1","2023-05-11T04:28:37.470Z","96","1448","1512"
"58.65.167.165","elite","AS23674","PK","Nayatel (Pvt) Ltd","151","Micronet","4145","socks4","1510","82","2023-05-11T04:28:31.567Z","100","1608","1612"
"8.219.135.23","elite","AS45102","SG","Alibaba (US) Technology Co., Ltd.","395","Alibaba.com Singapore E-Commerce Private Limited","443","socks4","4992","1","2023-05-11T04:28:31.469Z","99","1582","1597"
"45.70.237.144","elite","AS264668","EC","Nedetel S.A.","188","Nedetel S.A","4145","socks4","787","1","2023-05-11T04:28:31.564Z","99","1579","1587"
"110.78.149.89","elite","AS131090","TH","CAT-BB","192","N/A","4145","socks4","2905","1","2023-05-11T04:28:31.555Z","79","1273","1617"
"212.50.60.231","elite","AS29286","TR","Skylogic S.P.A.","707","Esertelekom","5678","socks4","2697","1","2023-05-11T04:28:31.557Z","85","1372","1607"
"103.59.203.145","elite","AS134014","IN","NET 4 U SERVICES PVT LTD","283","NET 4 U Services PVT LTD","4145","socks4","2602","1","2023-05-11T04:28:31.560Z","100","1595","1603"
"101.108.0.189","elite","AS23969","TH","TOT Public Company Limited","180","TOT Public Company Limited","4145","socks4","4694","1","2023-05-11T04:28:31.469Z","51","816","1611"
"185.44.232.30","elite","AS43160","ES","Avatel Telecom","101","AVATEL TELECOM, SA","53281","http","5097","205","2023-05-11T04:28:31.555Z","100","1513","1514"
"207.188.134.194","elite","AS15704","ES","Xtra Telecom S.A","95","Xtra Telecom S.A","8118","socks4","2817","1","2023-05-11T04:28:31.555Z","100","1516","1517"
"181.129.74.186","elite","AS13489","CO","EPM Telecomunicaciones S.A. E.S.P.","187","EPM Telecomunicaciones S.A. E.S.P","5678","socks4","2807","1","2023-05-11T04:28:31.556Z","87","1417","1628"
"177.85.205.141","elite","AS52554","BR","S. A. da Silva Junior","182","S. A. da Silva Junior","3629","socks4","993","1","2023-05-11T04:28:31.562Z","100","1552","1555"
"181.111.175.237","elite","AS7303","AR","Telecom Argentina S.A","262","Providers S.A","4153","socks4","1001","1","2023-05-11T04:28:31.562Z","99","1607","1628"
"75.176.225.10","elite","AS11426","US","Spectrum","197","Road Runner","33150","socks4","715","1","2023-05-11T04:28:31.563Z","95","1551","1628"
"177.85.205.105","elite","AS52554","BR","S. A. da Silva Junior","198","S. A. da Silva Junior","3629","socks4","1796","1","2023-05-11T04:28:31.566Z","100","1607","1611"
"78.61.27.207","elite","AS8764","LT","Telia Lietuva","44","Telia Lietuva, AB","5678","socks4","806","1","2023-05-11T04:28:31.563Z","100","1625","1628"
"171.241.47.172","elite","AS7552","VN","Viettel Corporation","297","VIETEL","4007","socks4","1696","1","2023-05-11T04:28:31.566Z","96","1456","1519"
"190.120.252.113","elite","AS264628","VE","CORPORACION FIBEX TELECOM, C.A.","193","CORPORACION FIBEX TELECOM, C.A","4145","socks4","2592","1","2023-05-11T04:28:31.560Z","100","1621","1628"
"191.209.43.16","elite","AS27699","BR","Vivo","297","TELEF�NICA BRASIL S.A","5678","socks4","1597","2","2023-05-11T04:28:31.567Z","99","1618","1628"
"184.82.142.201","elite","AS133481","TH","AIS-Fibre","217","N/A","4153","socks4","4996","1","2023-05-11T04:28:31.468Z","86","1294","1508"
"103.140.83.94","elite","AS132290","BD","The Net","157","The","4145","socks4","4991","1","2023-05-11T04:28:30.364Z","99","1616","1628"
"185.132.230.133","elite","AS210238","IT","Dieffeitalia.it S.r.l.","93","Dieffeitalia.it S.r.l","5678","socks4","897","1","2023-05-11T04:28:30.463Z","78","1247","1598"
"43.153.171.204","elite","AS132203","JP","Shenzhen Tencent Computer Systems Company Limited","288","Tencent Cloud Computing","443","socks4","1705","1","2023-05-11T04:28:30.461Z","83","1320","1585"
"80.240.20.183","elite","AS20473","DE","The Constant Company","11","Vultr Holdings LLC Frankfurt","30002","socks4","5104","1","2023-05-11T04:28:30.365Z","100","1567","1568"
"103.59.203.161","elite","AS134014","IN","NET 4 U SERVICES PVT LTD","126","NET 4 U Services PVT LTD","4145","socks4","4386","1","2023-05-11T04:28:30.363Z","100","1596","1602"
"103.76.210.85","elite","AS24186","IN","Lightwave Technologies Pvt Ltd","179","Light Wave Technologies PVT LTD","5678","socks4","4699","1","2023-05-11T04:28:29.065Z","96","1531","1602"
"134.119.184.235","elite","AS29066","FR","Host Europe GmbH","9","Bogdan Gribov","30912","socks5","4801","1","2023-05-11T04:28:29.072Z","100","1602","1604"
"212.200.161.241","elite","AS8400","RS","TELEKOM SRBIJA a.d.","93","Admira DOO Kragujevac","5678","socks5","4889","1","2023-05-11T04:28:29.260Z","100","1530","1535"
"179.60.243.38","elite","AS262215","CO","ITELKOM","184","ITELKOM","48699","socks4","696","1","2023-05-11T04:28:29.764Z","100","1591","1594"
"93.115.25.139","elite","AS16125","LT","Dedicated servers","39","N/A","4635","socks5","905","1","2023-05-11T04:28:29.470Z","36","555","1524"
"177.222.44.202","elite","AS27882","BO","Telefónica Celular de Bolivia S.A.","214","Telefónica Celular de Bolivia S.A","4153","socks4","2915","1","2023-05-11T04:28:29.470Z","100","1627","1628"
"209.141.33.219","elite","AS53667","US","FranTech Solutions","193","FranTech Solutions","9092","socks5","1606","1","2023-05-11T04:28:29.763Z","100","1613","1614"
"43.224.10.26","elite","AS45916","IN","gtpl hariom world vision","185","Gtpl Broadband Pvt. Ltd.","6667","socks4","3008","2","2023-05-11T04:28:29.467Z","100","1548","1553"
"177.136.182.110","elite","AS263595","BR","ALB Internet & Informatica Ltda - ME","193","ALB Internet & Informatica Ltda - ME","5678","socks4","4999","86","2023-05-11T04:28:29.467Z","99","1570","1584"
"51.15.182.240","elite","AS12876","FR","SCALEWAY","0","ONLINE","5836","socks4","1890","1","2023-05-11T04:28:29.471Z","100","1621","1623"
"149.62.177.106","anonymous","AS43160","ES","Avatel Telecom","83","MDC Datacenter","5555","http","1309","3802","2023-05-11T04:28:29.468Z","100","1506","1509"
"119.197.0.17","elite","AS4766","KR","Korea Telecom","285","Kornet","4145","socks4","4790","83","2023-05-11T04:28:29.467Z","100","1622","1630"
"118.97.235.36","elite","AS7713","ID","PT. TELKOM INDONESIA","289","N/A","4145","socks4","3996","1","2023-05-11T04:28:28.280Z","99","1569","1585"
"191.242.241.14","elite","AS262318","BR","Horizons Telecomunicações e Tecnologia S.A","202","Emmo Serviços Ltda","5678","socks4","5200","1","2023-05-11T04:28:28.279Z","100","1508","1510"
"200.43.231.16","elite","AS7303","AR","Telecom Argentina S.A.","290","Telecom Argentina S.A","4153","socks4","900","1","2023-05-11T04:28:28.061Z","99","1619","1629"
"177.10.84.121","elite","AS262846","BR","Viacom Provedor de Internet","281","Viacom Provedor de Internet","4145","socks4","5097","1","2023-05-11T04:28:28.063Z","100","1569","1575"
"67.73.141.150","elite","AS3549","AR","Level 3 Communications, Inc.","295","Level 3 Communications, Inc.","5678","socks4","4402","1","2023-05-11T04:28:28.960Z","94","1506","1603"
"45.77.99.122","elite","AS20473","US","The Constant Company","85","Vultr Holdings, LLC","11370","socks5","4912","3","2023-05-11T04:28:28.959Z","70","1097","1570"
"139.180.146.114","elite","AS20473","SG","Choopa","165","N/A","34959","socks4","4695","1","2023-05-11T04:28:28.278Z","99","1581","1590"
"190.2.136.43","elite","AS49981","NL","WorldStream B.V.","15","WorldStream B.V","39277","socks4","4609","1","2023-05-11T04:28:28.062Z","100","1546","1547"